{
  "intercept": 66.11910422670498,
  "weights": [
    0.0,
    0.0,
    1.2533304880927019,
    1.253330488092664,
    -0.8571298730002749,
    12.06516198702987,
    -0.4298737559440089,
    0.9167865763906194,
    -2.7390148157864287,
    -2.8735705398812446
  ],
  "feature_names": [
    "selected_skills_count",
    "total_questions",
    "total_correct",
    "accuracy_pct",
    "avg_time_sec",
    "overall_score",
    "math_score",
    "logic_score",
    "aptitude_score",
    "problem_score"
  ],
  "means": [
    4.0,
    20.0,
    12.990634005763688,
    64.95317002881845,
    36.422881844380406,
    64.95295028818444,
    55.53477425552353,
    67.7449687800192,
    69.88941522574449,
    67.64918107588856
  ],
  "stds": [
    1.0,
    1.0,
    2.2905348996194816,
    11.452674498097409,
    7.798522859741856,
    11.343376903245987,
    22.087436796472886,
    14.925165991510628,
    14.914293710218319,
    14.374362262990726
  ]
}